,id,age,income,signup_year,signup_month,signup_day
id,1.0,0.7865984279013398,0.615281352525562,,0.8364232620147747,-0.5027920893698683
age,0.7865984279013398,1.0,0.7673906725405103,,0.7602870511980977,-0.2191112776213747
income,0.615281352525562,0.7673906725405103,1.0,,0.7961368052888703,-0.31490752834918556
signup_year,,,,,,
signup_month,0.8364232620147747,0.7602870511980977,0.7961368052888703,,1.0,-0.7664071208681287
signup_day,-0.5027920893698683,-0.2191112776213747,-0.31490752834918556,,-0.7664071208681287,1.0
